,ECG,HR,MAP,SPO2
count,6487.0,6487.0,6487.0,6487.0
mean,0.05054291315820988,80.31671034376446,83.55395406197009,98.19138276553106
std,0.15271019909266884,8.542208033987713,24.483840714988588,4.584361482686416
min,-2.4876201152801514,61.0,42.0,83.0
25%,0.0205233991146087,75.0,64.0,99.0
50%,0.0205233991146087,79.0,87.0,100.0
75%,0.0303980000317096,85.0,100.0,100.0
max,5.145430088043213,109.0,197.0,100.0
