,ECG,HR,MAP,SPO2
count,14815.0,14815.0,14815.0,14815.0
mean,0.061255467244910475,79.99433007087411,83.40799865001688,98.25943300708741
std,0.1966228659442325,9.202414859462726,17.055914148616708,4.080333924617015
min,-4.9562602043151855,57.0,40.0,78.0
25%,-0.0091002704575657,75.0,75.0,98.0
50%,0.0402726009488105,82.0,85.5,100.0
75%,0.119268998503685,85.0,93.5,100.0
max,5.145430088043213,103.0,196.0,100.0
