,ECG,HR,MAP,SPO2
count,15364.0,15364.0,15364.0,15364.0
mean,0.07187166618202744,62.83513407966675,77.25205024733143,99.54458474355637
std,0.24008572300243958,10.45975258677349,14.123039671627017,2.4723212728588035
min,-4.9562602043151855,53.0,43.0,77.0
25%,-0.0189747996628284,58.0,69.0,100.0
50%,0.00077429699013,60.0,76.0,100.0
75%,0.060021698474884,63.0,84.5,100.0
max,5.145430088043213,108.0,197.0,100.0
