,ECG,HR,MAP,SPO2
count,16449.0,16449.0,16449.0,16449.0
mean,0.08190678195999693,98.63550975743206,67.73469511824428,99.67380995805216
std,0.29977356916003883,7.892700017550434,29.172366224361852,1.393267441664946
min,-4.9562602043151855,66.0,40.0,84.0
25%,-0.0288494005799293,95.5,50.0,100.0
50%,0.0501471012830734,98.0,55.5,100.0
75%,0.1488929986953735,104.0,79.5,100.0
max,5.145430088043213,148.0,200.0,100.0
