,ECG,HR,MAP,SPO2
count,15588.0,15588.0,15588.0,15588.0
mean,-0.012199868896887772,87.9942904798563,74.09186553759302,99.22113163972287
std,0.18207071468345984,11.723703379159826,10.400513175110184,2.3994315907474357
min,-4.9562602043151855,58.0,44.0,81.0
25%,-0.0979714021086692,79.0,69.0,100.0
50%,-0.0387240014970302,82.0,75.0,100.0
75%,0.0501471012830734,97.0,80.0,100.0
max,5.145430088043213,124.0,191.0,100.0
