,ECG,HR,MAP,SPO2
count,13503.0,13503.0,13503.0,13503.0
mean,0.06912807681297346,63.26212693475524,89.96493371843295,99.87747167296156
std,0.2538613950378243,8.177719058680019,21.67723252441745,0.7663427704641325
min,-4.9562602043151855,40.0,42.0,83.0
25%,-0.0387240014970302,60.0,76.5,100.0
50%,0.0106488997116684,64.0,86.0,100.0
75%,0.0896454006433487,66.0,102.0,100.0
max,5.145430088043213,101.0,179.0,100.0
