,ECG,HR,MAP,SPO2
count,7241.0,7241.0,7241.0,7241.0
mean,-0.02049127800573951,68.762118491921,82.46340284491093,96.59066427289048
std,0.40517314172826907,15.020865433012704,20.431819947526492,4.328137985083669
min,-4.9562602043151855,49.0,41.0,81.0
25%,-0.0979714021086692,59.5,70.0,95.5
50%,-0.0189747996628284,67.0,78.0,97.63636363636364
75%,0.0501471012830734,75.0,89.0,100.0
max,5.145430088043213,228.0,192.0,100.0
