,ECG,HR,MAP,SPO2
count,15001.0,15001.0,15001.0,15001.0
mean,0.05610079111168191,83.37534164389041,94.53129791347243,98.90097326844877
std,0.18786370469105643,6.937672113242615,14.83110818138614,4.395934329411162
min,-4.9562602043151855,39.0,47.0,74.0
25%,-0.0091002704575657,80.0,87.5,100.0
50%,0.0303980000317096,84.0,94.0,100.0
75%,0.0896454006433487,87.0,102.0,100.0
max,5.145430088043213,148.0,193.0,100.0
