,ECG,HR,MAP,SPO2
count,26870.0,26870.0,26870.0,26870.0
mean,0.07682687711612676,85.6635094901377,80.79635280982508,99.39212876814291
std,0.29834498401850434,11.243201980350278,13.64704823317611,1.433181976766298
min,-4.9562602043151855,23.0,40.0,90.0
25%,0.0106488997116684,79.0,74.0,100.0
50%,0.0402726009488105,88.0,82.0,100.0
75%,0.0896454006433487,92.0,88.0,100.0
max,5.145430088043213,171.0,200.0,100.0
