,ECG,HR,MAP,SPO2
count,9903.0,9903.0,9903.0,9903.0
mean,0.015961577160411154,65.5531657073614,100.82813288902352,98.63076845400384
std,0.5968602543571261,9.113392046054027,20.964483769891245,4.968411722228182
min,-4.9562602043151855,53.0,44.0,77.0
25%,-0.0387240014970302,61.0,85.0,100.0
50%,0.0106488997116684,62.5,97.5,100.0
75%,0.0995199978351593,65.0,116.0,100.0
max,5.145430088043213,111.0,200.0,100.0
