,ECG,HR,MAP,SPO2
count,11586.0,11586.0,11586.0,11586.0
mean,0.09299576140709344,67.04997410668048,83.5030640428103,99.38667357155187
std,0.2821166796921779,9.533537301592135,19.74348895529448,1.064744895172181
min,-4.9562602043151855,52.0,48.0,96.0
25%,0.0106488997116684,62.0,72.0,99.0
50%,0.0501471012830734,65.0,78.5,100.0
75%,0.1291439980268478,71.0,95.0,100.0
max,5.145430088043213,168.0,200.0,100.0
