,ECG,HR,MAP,SPO2
count,11827.0,11827.0,11827.0,11827.0
mean,0.045150179379245835,80.02917054198022,82.55453623065866,99.01171049293988
std,0.24427851213295812,15.633041099579783,16.320286858446153,2.1637933240123126
min,-4.9562602043151855,55.0,47.0,86.0
25%,-0.0189747996628284,71.0,71.0,99.0
50%,0.0106488997116684,74.0,83.0,99.0
75%,0.0501471012830734,83.0,91.0,100.0
max,5.145430088043213,134.0,200.0,100.0
