,ECG,HR,MAP,SPO2
count,5295.0,5295.0,5295.0,5295.0
mean,-0.018935690820458966,131.31567516525024,91.8268177525968,99.92842304060434
std,0.4225577765669339,14.571706928011567,41.14300901784562,0.25999924892696374
min,-3.8404300212860103,105.0,45.0,98.0
25%,-0.186842992901802,122.0,73.0,100.0
50%,-0.0584730990231037,126.0,80.0,100.0
75%,0.0205233991146087,143.0,85.0,100.0
max,5.145430088043213,176.0,200.0,100.0
