,ECG,HR,MAP,SPO2
count,25069.0,25069.0,25069.0,25069.0
mean,0.09442811593360466,86.60993657505286,71.69747496908532,98.23405401092984
std,0.1911647888789648,10.385049047698974,13.614813246900916,2.8169077908894624
min,-4.59089994430542,38.0,40.0,81.0
25%,0.0106488997116684,80.0,64.5,98.0
50%,0.0501471012830734,89.0,70.0,99.5
75%,0.119268998503685,94.0,77.0,100.0
max,5.145430088043213,150.0,200.0,100.0
