,ECG,HR,MAP,SPO2
count,14586.0,14586.0,14586.0,14586.0
mean,0.10907436627042234,71.02238447826683,81.71198409433704,99.64201974496092
std,0.3092504534827421,4.6525207878076,16.218614171891197,1.7973377187838524
min,-4.9562602043151855,53.0,45.0,86.0
25%,0.0106488997116684,69.0,74.0,100.0
50%,0.0501471012830734,70.0,82.0,100.0
75%,0.1488929986953735,72.0,86.0,100.0
max,5.145430088043213,128.0,190.0,100.0
