,ECG,HR,MAP,SPO2
count,4930.0,4930.0,4930.0,4930.0
mean,0.12418638435956306,67.3840770791075,76.45831643002029,97.37697768762678
std,0.3121582825813025,7.1121362733654205,12.036360326327905,5.845513325571649
min,-4.9562602043151855,50.0,54.0,74.0
25%,0.0205233991146087,61.5,70.0,98.0
50%,0.0501471012830734,69.0,78.0,100.0
75%,0.1587669998407364,71.0,81.0,100.0
max,5.145430088043213,110.0,116.0,100.0
