,ECG,HR,MAP,SPO2
count,13185.0,13185.0,13185.0,13185.0
mean,0.06307958662632203,74.30621918847174,97.17978763746682,98.06704588547592
std,0.20674101483692642,7.9031916799396935,22.380294145838374,5.688195993782403
min,-4.9562602043151855,45.0,43.0,72.0
25%,-0.0091002704575657,71.0,85.5,98.5
50%,0.0303980000317096,74.5,97.0,100.0
75%,0.1093949973583221,80.0,104.0,100.0
max,5.145430088043213,103.0,200.0,100.0
