,ECG,HR,MAP,SPO2
count,21371.0,21371.0,21371.0,21371.0
mean,0.0687032709750577,54.42386879416031,83.34425155584671,99.5001637733377
std,0.1594244132721188,5.668097630647161,13.4182763198249,2.9273059423162415
min,-4.9562602043151855,28.0,41.0,79.0
25%,0.0205233991146087,51.0,76.0,100.0
50%,0.0501471012830734,54.0,84.0,100.0
75%,0.0995199978351593,56.0,91.0,100.0
max,5.145430088043213,131.0,200.0,100.0
