,ECG,HR,MAP,SPO2
count,10726.0,10726.0,10726.0,10726.0
mean,-0.023639622881564234,60.21186835726272,87.31339735222824,98.85446578407608
std,0.2133714858086323,8.246918409596306,15.082339562347874,4.10264855119563
min,-4.9562602043151855,40.0,43.0,76.0
25%,-0.0584730990231037,55.0,82.0,100.0
50%,-0.0288494005799293,59.0,87.0,100.0
75%,0.0106488997116684,64.0,97.0,100.0
max,5.145430088043213,124.0,199.0,100.0
