,ECG,HR,MAP,SPO2
count,12740.0,12740.0,12740.0,12740.0
mean,-0.0284587606482799,79.3475667189953,77.40612244897959,99.71848508634223
std,0.10876637239806144,6.649560878218444,12.75364560980217,1.020677323480889
min,-2.675230026245117,63.0,55.0,83.0
25%,-0.0288494005799293,75.0,67.0,100.0
50%,-0.0288494005799293,79.0,76.5,100.0
75%,-0.0288494005799293,83.0,84.0,100.0
max,5.145430088043213,131.0,197.0,100.0
