,ECG,HR,MAP,SPO2
count,12487.0,12487.0,12487.0,12487.0
mean,-0.018716250443523968,65.53239368943701,96.45647473372307,95.39004564747337
std,0.19121324390155947,17.250888128200714,22.084000067055435,7.805589487001439
min,-3.682440042495727,31.0,43.0,60.0
25%,-0.0584730990231037,59.0,80.0,97.0
50%,-0.0288494005799293,65.0,89.0,99.0
75%,0.00077429699013,72.0,111.0,100.0
max,5.145430088043213,197.0,198.0,100.0
