,ECG,HR,MAP,SPO2
count,14287.0,14287.0,14287.0,14287.0
mean,0.012327678991329334,88.256666899979,82.5482606565409,98.69339259466648
std,0.3546502096420312,12.808942376064797,14.278831662082762,3.358237269316666
min,-4.9562602043151855,40.0,44.0,69.0
25%,-0.1177209988236427,84.0,76.5,99.0
50%,-0.0485985986888408,88.0,83.0,99.0
75%,0.0698963031172752,97.0,89.0,100.0
max,5.145430088043213,122.0,197.0,100.0
