,ECG,HR,MAP,SPO2
count,17868.0,17868.0,17868.0,17868.0
mean,0.06779626498490945,61.02048354600403,78.69291470785762,99.14324490709649
std,0.4634524226518542,11.57213588733685,14.981813606465849,4.2321844776782855
min,-4.9562602043151855,43.0,45.0,69.0
25%,-0.0288494005799293,55.0,71.5,100.0
50%,0.0205233991146087,57.0,77.0,100.0
75%,0.0797709003090858,62.0,84.0,100.0
max,5.145430088043213,106.0,200.0,100.0
