,ECG,HR,MAP,SPO2
count,10415.0,10415.0,10415.0,10415.0
mean,0.07098377708579148,70.99865578492559,75.68007681228997,98.87081132981277
std,0.17185290969287023,9.779271165806566,12.365662003583887,3.785475631665547
min,-4.9562602043151855,45.0,49.0,81.0
25%,0.0402726009488105,65.0,72.0,100.0
50%,0.0501471012830734,68.0,77.0,100.0
75%,0.0797709003090858,76.0,82.0,100.0
max,4.8195600509643555,127.0,195.0,100.0
