,ECG,HR,MAP,SPO2
count,8660.0,8660.0,8660.0,8660.0
mean,0.046897442219483124,71.46801385681293,89.53140877598152,99.48354503464203
std,0.23886071780807536,12.79726694816926,24.44476880676906,2.00650651171992
min,-3.672569990158081,52.0,40.0,84.0
25%,0.00077429699013,63.0,84.0,100.0
50%,0.0205233991146087,69.0,97.0,100.0
75%,0.060021698474884,73.0,102.0,100.0
max,5.145430088043213,165.0,193.0,100.0
