,ECG,HR,MAP,SPO2
count,14421.0,14421.0,14421.0,14421.0
mean,0.06351455876333496,64.17117398238679,89.35937174953193,99.63154427570903
std,0.20085596121481372,7.942138700525847,23.26481766155408,1.0428098242556159
min,-4.946390151977539,47.0,40.0,81.0
25%,0.00077429699013,61.0,73.0,100.0
50%,0.0303980000317096,65.0,87.0,100.0
75%,0.060021698474884,68.5,103.0,100.0
max,5.145430088043213,101.0,182.0,100.0
