,ECG,HR,MAP,SPO2
count,9530.0,9530.0,9530.0,9530.0
mean,-0.029643120729217355,91.40167890870934,75.54601259181533,99.98032528856244
std,0.25698590515042774,11.871021156672539,19.10761408573367,0.29669374665781423
min,-4.9562602043151855,55.0,43.0,91.0
25%,-0.1275950074195861,85.0,65.0,100.0
50%,-0.0683476999402046,93.0,74.5,100.0
75%,-0.0091002704575657,100.0,83.0,100.0
max,5.145430088043213,133.0,192.0,100.0
