,ECG,HR,MAP,SPO2
count,15982.0,15982.0,15982.0,15982.0
mean,0.06842023549175484,67.40235890376674,77.80396696283319,99.37927042923289
std,0.2513315626123146,10.204926117799296,10.831438997373287,3.1679275340704516
min,-4.9562602043151855,47.0,54.0,81.0
25%,0.00077429699013,61.0,70.5,100.0
50%,0.0303980000317096,66.0,77.0,100.0
75%,0.0797709003090858,73.0,84.0,100.0
max,5.145430088043213,114.0,131.0,100.0
