,ECG,HR,MAP,SPO2
count,26867.0,26867.0,26867.0,26867.0
mean,-0.011370247574814175,81.31603826255257,69.30762645624745,99.44844977109466
std,0.16428710026196702,10.422949620180846,16.328602264004058,1.1569734230932123
min,-4.1564202308654785,20.0,40.0,77.0
25%,-0.0979714021086692,75.0,61.5,99.0
50%,-0.0288494005799293,80.0,66.0,100.0
75%,0.0501471012830734,90.0,72.0,100.0
max,5.145430088043213,175.0,200.0,100.0
