,ECG,HR,MAP,SPO2
count,9288.0,9288.0,9288.0,9288.0
mean,0.003491723397655202,69.34571490094746,81.1109496124031,98.41580534022394
std,0.18616616458503957,14.403839453528093,17.09290246171294,3.025373876339913
min,-3.0405900478363037,46.0,40.0,81.0
25%,-0.0485985986888408,60.0,69.0,99.0
50%,-0.0288494005799293,65.0,80.0,99.0
75%,0.0106488997116684,76.0,91.0,100.0
max,5.145430088043213,125.0,194.0,100.0
