,ECG,HR,MAP,SPO2
count,14372.0,14372.0,14372.0,14372.0
mean,0.033230800539345996,74.71162677428333,89.3061508488728,99.2953311995547
std,0.2729446063093942,8.445621046901174,16.885007781621944,3.1808565714150094
min,-4.9562602043151855,53.0,42.0,76.0
25%,-0.0387240014970302,72.0,75.0,100.0
50%,-0.0091002704575657,74.0,94.0,100.0
75%,0.0402726009488105,78.0,101.0,100.0
max,5.145430088043213,115.0,187.0,100.0
