,ECG,HR,MAP,SPO2
count,15838.0,15838.0,15838.0,15838.0
mean,0.09132445345449765,71.01199646420002,86.53349539083217,98.89642000252557
std,0.2531628697955633,5.951789499394858,17.494555614828833,3.3544017257549803
min,-2.0136399269104004,57.0,49.0,77.0
25%,-0.0091002704575657,68.0,75.0,99.0
50%,0.0303980000317096,71.0,81.0,100.0
75%,0.0995199978351593,73.0,92.0,100.0
max,5.145430088043213,143.0,197.0,100.0
