,ECG,HR,MAP,SPO2
count,15788.0,15788.0,15788.0,15788.0
mean,0.030068388074723233,71.24236762097796,81.1318406384596,99.84934760577654
std,0.052296426114168855,6.494951563368976,14.049442324289096,0.4941879323831222
min,-3.949049949645996,53.0,47.0,91.0
25%,0.0303980000317096,67.5,71.5,100.0
50%,0.0303980000317096,71.0,80.5,100.0
75%,0.0303980000317096,74.0,89.0,100.0
max,5.145430088043213,172.0,198.0,100.0
