,ECG,HR,MAP,SPO2
count,14143.0,14143.0,14143.0,14143.0
mean,0.08128664577569387,66.30739588489006,88.94873789153645,98.89853637842042
std,0.3041036103571767,6.652627829885029,22.89572356597755,2.8513108253851254
min,-4.432909965515137,39.0,40.0,76.0
25%,0.00077429699013,62.0,81.5,99.0
50%,0.0501471012830734,65.0,92.0,100.0
75%,0.1390179991722107,70.0,100.0,100.0
max,5.145430088043213,165.0,189.0,100.0
