,ECG,HR,MAP,SPO2
count,13292.0,13292.0,13292.0,13292.0
mean,-0.041529893527019045,62.13165814023473,75.9473367439061,99.74270237736985
std,0.15771177357063623,8.917160368579202,18.33167875845003,1.016925991664363
min,-4.9562602043151855,49.0,46.0,84.0
25%,-0.0683476999402046,56.0,66.0,100.0
50%,-0.0584730990231037,59.0,72.0,100.0
75%,-0.0387240014970302,65.0,81.0,100.0
max,5.145430088043213,153.0,192.0,100.0
