,ECG,HR,MAP,SPO2
count,10300.0,10300.0,10300.0,10300.0
mean,0.004951339051459744,69.3816504854369,82.27441747572816,99.60533980582524
std,0.21945297843965145,8.242539085795773,15.064549042228432,2.100166741850015
min,-4.93651008605957,52.0,55.0,84.0
25%,-0.0584730990231037,62.0,76.0,100.0
50%,-0.0288494005799293,70.0,81.5,100.0
75%,0.0106488997116684,75.0,88.0,100.0
max,5.145430088043213,114.0,197.0,100.0
