,ECG,HR,MAP,SPO2
count,17139.0,17139.0,17139.0,17139.0
mean,0.01939765545989965,72.13127953789602,72.8686037691814,98.1459244996791
std,0.34564154739912095,7.5468151534828385,16.03789404246988,4.485660376715604
min,-4.9562602043151855,57.0,50.0,74.0
25%,-0.0683476999402046,65.0,63.5,99.0
50%,-0.0387240014970302,70.5,70.0,99.0
75%,0.0501471012830734,79.0,78.0,100.0
max,5.145430088043213,130.0,199.0,100.0
