,ECG,HR,MAP,SPO2
count,11659.0,11659.0,11659.0,11659.0
mean,0.06518302753016161,68.10219572862167,84.53074877776825,98.88811218800926
std,0.26734345055209,10.187369017857169,12.628558753386054,4.1621219814815165
min,-4.679769992828369,49.0,63.0,63.0
25%,-0.0091002704575657,59.0,77.5,100.0
50%,0.0501471012830734,67.0,82.0,100.0
75%,0.1488929986953735,77.0,88.0,100.0
max,5.145430088043213,130.0,188.0,100.0
