,ECG,HR,MAP,SPO2
count,11429.0,11429.0,11429.0,11429.0
mean,-0.02873711011909346,81.6144019599265,84.02843643363374,99.38708548429435
std,0.330101187771203,7.386234845377168,15.783089327248339,2.5607030942732054
min,-4.9562602043151855,56.0,54.0,87.0
25%,-0.1078459993004798,77.5,73.0,100.0
50%,-0.0584730990231037,80.0,82.0,100.0
75%,0.060021698474884,85.0,90.0,100.0
max,5.145430088043213,133.0,193.0,100.0
