,ECG,HR,MAP,SPO2
count,16386.0,16386.0,16386.0,16386.0
mean,0.10711305024784919,63.93692786525082,86.0057366044184,99.76681313316246
std,0.26198203555272603,6.363644858841197,16.70302904897579,1.7194269578594643
min,-4.9562602043151855,48.0,51.0,82.0
25%,0.0205233991146087,60.0,73.0,100.0
50%,0.0501471012830734,64.0,87.0,100.0
75%,0.1093949973583221,68.0,99.0,100.0
max,5.145430088043213,134.0,200.0,100.0
