,ECG,HR,MAP,SPO2
count,20987.0,20987.0,20987.0,20987.0
mean,0.033045089614052774,75.7870348310859,81.32991852098918,99.19809882308095
std,0.19983541948272282,4.462226517658985,20.793642305804497,0.8448907483138515
min,-4.265039920806885,52.0,40.0,91.0
25%,-0.0584730990231037,73.0,68.5,99.0
50%,0.0205233991146087,75.0,79.0,99.0
75%,0.0797709003090858,78.5,93.0,100.0
max,5.145430088043213,100.0,199.0,100.0
