,ECG,HR,MAP,SPO2
count,5406.0,5406.0,5406.0,5406.0
mean,-0.09938337967759568,76.35506844247132,87.23751387347392,99.60747317795042
std,0.28673379478278666,10.354527284163618,9.505580575420806,1.7277521256827788
min,-4.363790035247803,51.0,41.0,80.0
25%,-0.1769679933786392,69.0,83.0,100.0
50%,-0.1769679933786392,75.0,88.0,100.0
75%,-0.0485985986888408,81.0,90.0,100.0
max,5.145430088043213,140.0,197.0,100.0
