,ECG,HR,MAP,SPO2
count,3349.0,3349.0,3349.0,3349.0
mean,0.044819189080654666,81.42938190504628,72.64392355927143,95.24559570020902
std,0.5849176986706267,11.587726389310353,18.172525687814908,4.725670388989506
min,-4.9562602043151855,44.0,43.0,83.0
25%,-0.0683476999402046,75.0,64.0,96.0
50%,0.0303980000317096,83.0,73.5,97.0
75%,0.1390179991722107,89.0,79.0,98.0
max,5.145430088043213,113.0,197.0,100.0
