,ECG,HR,MAP,SPO2
count,8778.0,8778.0,8778.0,8778.0
mean,0.0604559419904492,74.89336978810663,75.80320118478014,97.73826611984506
std,0.29109953620643564,6.741096259655772,17.840421608347043,8.161604014492685
min,-4.9562602043151855,55.0,48.0,50.0
25%,-0.0091002704575657,71.0,70.0,100.0
50%,0.0205233991146087,75.0,76.0,100.0
75%,0.0896454006433487,78.5,83.0,100.0
max,5.145430088043213,117.0,185.0,100.0
