,ECG,HR,MAP,SPO2
count,19919.0,19919.0,19919.0,19919.0
mean,0.09301743802049268,61.007279481901705,88.08050102916813,99.67546061549274
std,0.2670535971759507,7.753574452710285,15.482246432839437,1.5832079832859383
min,-4.9562602043151855,41.0,40.0,80.0
25%,0.0106488997116684,55.0,80.5,100.0
50%,0.0501471012830734,60.0,90.0,100.0
75%,0.1390179991722107,66.0,98.0,100.0
max,5.145430088043213,108.0,167.0,100.0
