,ECG,HR,MAP,SPO2
count,11234.0,11234.0,11234.0,11234.0
mean,0.0581951836846689,59.9068007833363,98.89571835499378,97.96737582339327
std,0.29757232058260974,10.215557212143786,19.679929136896213,7.962156713532827
min,-4.9562602043151855,43.0,64.0,50.0
25%,0.0205233991146087,55.0,86.0,99.5
50%,0.0501471012830734,60.0,96.0,100.0
75%,0.0896454006433487,64.0,103.0,100.0
max,5.145430088043213,159.0,198.0,100.0
