,ECG,HR,MAP,SPO2
count,10689.0,10689.0,10689.0,10689.0
mean,0.044505465365867615,56.37604078959678,78.43451211525868,98.88142015155768
std,0.22905305613252938,7.714926636450997,14.153452918093862,4.074110201556099
min,-4.9562602043151855,30.0,40.0,78.0
25%,0.0106488997116684,51.0,70.0,100.0
50%,0.0303980000317096,55.0,79.0,100.0
75%,0.0698963031172752,61.0,86.0,100.0
max,5.145430088043213,132.0,197.0,100.0
