,ECG,HR,MAP,SPO2
count,29143.0,29143.0,29143.0,29143.0
mean,0.010590253147613117,83.48057852657585,69.63812922485674,99.75822667535944
std,0.11882720814118992,9.71536235865909,9.773351366989289,1.5809901583355885
min,-3.71205997467041,59.0,44.0,85.0
25%,-0.0288494005799293,79.0,65.0,100.0
50%,0.00077429699013,84.0,68.5,100.0
75%,0.0303980000317096,89.0,72.5,100.0
max,5.145430088043213,188.0,200.0,100.0
