,ECG,HR,MAP,SPO2
count,14722.0,14722.0,14722.0,14722.0
mean,-0.02418647150934264,70.45432006520853,75.82702757777476,99.98913191142508
std,0.2467286496098907,11.584610320676104,15.62020870096116,0.1224595400932656
min,-4.9562602043151855,47.0,49.0,98.0
25%,-0.088096797466278,62.5,65.0,100.0
50%,-0.0485985986888408,68.0,73.0,100.0
75%,0.0402726009488105,76.0,82.0,100.0
max,5.145430088043213,125.0,188.0,100.0
