,ECG,HR,MAP,SPO2
count,29826.0,29826.0,29826.0,29826.0
mean,0.06478287200750937,64.72334540333937,78.47996714276135,98.22668141889626
std,0.2872944353538114,11.106518975799526,19.664466325337543,5.629066313806391
min,-4.9562602043151855,29.0,46.0,64.0
25%,-0.0683476999402046,57.0,66.5,99.0
50%,-0.0288494005799293,68.0,74.0,100.0
75%,0.060021698474884,72.0,85.0,100.0
max,5.145430088043213,91.0,199.0,100.0
