,ECG,HR,MAP,SPO2
count,11356.0,11356.0,11356.0,11356.0
mean,0.09304450276670373,72.91282141599154,90.52245508982035,98.44373018668546
std,0.36549337108198604,8.053803110874222,18.540541306040282,6.258797043072227
min,-4.9562602043151855,40.0,42.0,50.0
25%,0.0205233991146087,67.0,81.0,100.0
50%,0.0501471012830734,73.0,94.0,100.0
75%,0.1093949973583221,76.5,98.0,100.0
max,5.145430088043213,133.0,199.0,100.0
