,ECG,HR,MAP,SPO2
count,19873.0,19873.0,19873.0,19873.0
mean,-0.01461170234970128,71.50369848538217,82.05369093745283,98.88534695315252
std,0.24148638852087512,11.820016553631461,16.136427306490535,4.588538755870574
min,-4.9562602043151855,44.0,43.0,66.0
25%,-0.0782222971320152,61.5,81.0,100.0
50%,-0.0584730990231037,67.0,85.0,100.0
75%,0.0106488997116684,80.0,88.0,100.0
max,5.145430088043213,135.0,194.0,100.0
