,ECG,HR,MAP,SPO2
count,15739.0,15739.0,15739.0,15739.0
mean,0.050538033887899604,89.8950378041807,80.6535358027829,99.55534023762628
std,0.4574661443085665,7.001608026863479,11.698709160124436,0.5659458827644563
min,-4.9562602043151855,72.0,43.0,97.0
25%,-0.0288494005799293,85.0,76.5,99.0
50%,0.00077429699013,90.0,81.0,100.0
75%,0.0797709003090858,96.0,85.0,100.0
max,5.145430088043213,147.0,197.0,100.0
