,ECG,HR,MAP,SPO2
count,23772.0,23772.0,23772.0,23772.0
mean,0.08296976490236056,77.47202591283863,91.87460037018342,98.98250042066296
std,0.3329944947965821,5.025978851837049,19.485635328190476,2.0171912371458838
min,-4.9562602043151855,57.0,43.0,77.0
25%,0.00077429699013,75.0,79.0,99.0
50%,0.0303980000317096,76.0,88.0,99.5
75%,0.0995199978351593,79.0,99.5,100.0
max,5.145430088043213,131.0,199.0,100.0
