,ECG,HR,MAP,SPO2
count,18110.0,18110.0,18110.0,18110.0
mean,0.062476466370039105,59.51692435118719,84.20093870789619,98.69613473219216
std,0.18745466026576654,7.594456913826249,13.657206012346885,2.5424386498093647
min,-4.9562602043151855,31.0,60.0,80.0
25%,0.00077429699013,55.0,76.0,99.0
50%,0.0303980000317096,57.0,85.0,99.0
75%,0.0797709003090858,61.5,90.0,100.0
max,5.145430088043213,149.0,194.0,100.0
