,ECG,HR,MAP,SPO2
count,27570.0,27570.0,27570.0,27570.0
mean,0.06297800734416936,75.11149800507798,68.23761334784186,99.9119695321001
std,0.16269218034654817,8.122648178030444,11.675369707634955,0.580532058914706
min,-3.484950065612793,37.0,40.0,96.0
25%,-0.0189747996628284,69.0,62.0,100.0
50%,0.0303980000317096,76.0,67.0,100.0
75%,0.119268998503685,82.0,72.5,100.0
max,5.145430088043213,115.0,199.0,100.0
