,ECG,HR,MAP,SPO2
count,10762.0,10762.0,10762.0,10762.0
mean,0.06889158423210928,57.82782010778666,83.56295298271696,98.71334324475005
std,0.24043651908458563,7.902337759223912,16.344925833640048,5.469264335270356
min,-4.9562602043151855,28.0,41.0,67.0
25%,0.0303980000317096,55.0,72.0,100.0
50%,0.0501471012830734,59.0,87.0,100.0
75%,0.0797709003090858,61.375,93.0,100.0
max,5.145430088043213,124.0,197.0,100.0
