,ECG,HR,MAP,SPO2
count,12019.0,12019.0,12019.0,12019.0
mean,0.09610880093087787,71.41093268990764,80.17613778184541,98.69514934686745
std,0.33060407403679837,9.250802068378324,18.75102538699779,4.097388305101399
min,-4.9562602043151855,59.0,40.0,63.0
25%,-0.0091002704575657,64.0,74.0,99.0
50%,0.0205233991146087,66.0,80.0,100.0
75%,0.119268998503685,80.0,86.0,100.0
max,5.145430088043213,99.0,200.0,100.0
