,ECG,HR,MAP,SPO2
count,13097.0,13097.0,13097.0,13097.0
mean,0.058877218464957436,65.57944567458196,90.24120027487211,99.91876002137894
std,0.18368449964182637,14.830870957845114,16.90168769650227,0.3674851505174751
min,-4.107049942016602,22.0,41.0,94.0
25%,0.0303980000317096,58.72400513478819,82.5,100.0
50%,0.0501471012830734,66.0,93.0,100.0
75%,0.0698963031172752,70.0,100.0,100.0
max,5.145430088043213,183.0,200.0,100.0
