,ECG,HR,MAP,SPO2
count,9261.0,9261.0,9261.0,9261.0
mean,-0.010892651760576562,59.40994493035309,88.33284742468416,98.9593456430191
std,0.21227032398628637,9.40889527919919,23.470487698749242,1.667757118635531
min,-0.9866830110549928,45.0,43.0,87.0
25%,-0.088096797466278,53.5,77.0,99.0
50%,-0.0584730990231037,56.0,84.5,99.0
75%,-0.0189747996628284,62.0,94.0,100.0
max,2.9137699604034424,87.0,200.0,100.0
