,ECG,HR,MAP,SPO2
count,12168.0,12168.0,12168.0,12168.0
mean,-0.0037109685619843677,73.3797255095332,82.38958744247206,97.40581854043393
std,0.3156710035829835,10.808089778437523,15.8341736523782,3.604752452386277
min,-4.9562602043151855,50.0,40.0,76.0
25%,-0.0782222971320152,66.5,72.0,96.5
50%,-0.0584730990231037,71.0,82.0,98.5
75%,0.00077429699013,76.0,91.0,100.0
max,5.145430088043213,114.0,174.0,100.0
