,ECG,HR,MAP,SPO2
count,12852.0,12852.0,12852.0,12852.0
mean,0.040513092714378425,69.36208372237785,72.60749299719888,99.83372237784002
std,0.6588997395904783,11.578852817238118,20.542477329653355,0.8677416794432249
min,-4.9562602043151855,51.0,40.0,79.0
25%,-0.0584730990231037,62.0,64.0,100.0
50%,-0.0288494005799293,67.0,69.0,100.0
75%,0.0501471012830734,74.0,74.5,100.0
max,5.145430088043213,119.0,200.0,100.0
