,ECG,HR,MAP,SPO2
count,10779.0,10779.0,10779.0,10779.0
mean,-0.03524329154875531,64.21694962426942,76.23137582336024,99.07259486037665
std,0.2732078672974113,10.008699510623584,14.054470243842838,2.1027473849933296
min,-4.9562602043151855,44.0,49.0,88.0
25%,-0.0782222971320152,59.0,70.0,99.0
50%,-0.0584730990231037,62.0,75.5,100.0
75%,-0.0189747996628284,66.0,81.0,100.0
max,5.145430088043213,142.0,193.0,100.0
