,ECG,HR,MAP,SPO2
count,12863.0,12863.0,12863.0,12863.0
mean,0.0744255676387517,77.3342921557957,78.65482391355049,97.85640985773148
std,0.1997751611996717,8.235680304819809,18.401855756734573,3.256016616813948
min,-3.5441999435424805,50.0,40.0,80.0
25%,0.0205233991146087,72.0,68.0,97.0
50%,0.0501471012830734,79.0,81.0,99.0
75%,0.1093949973583221,84.0,89.5,100.0
max,5.145430088043213,112.0,200.0,100.0
