,ECG,HR,MAP,SPO2
count,11540.0,11540.0,11540.0,11540.0
mean,0.056891643445562724,78.57478336221837,88.03440207972271,97.82504332755633
std,0.29131050056227137,15.34501294788501,28.033191172007083,4.494646853097795
min,-4.9562602043151855,57.0,53.0,77.0
25%,-0.0288494005799293,68.0,67.0,98.0
50%,0.0205233991146087,75.0,81.0,99.0
75%,0.060021698474884,84.0,95.5,100.0
max,5.145430088043213,139.0,198.0,100.0
