,ECG,HR,MAP,SPO2
count,7341.0,7341.0,7341.0,7341.0
mean,0.06736610658549308,73.28769922353902,89.77564364527993,96.70896335649094
std,0.2381574019319838,12.191598143456728,16.400403931629704,5.714731401764186
min,-4.9562602043151855,55.0,41.0,58.0
25%,0.0205233991146087,66.0,82.0,98.0
50%,0.0501471012830734,72.0,88.0,98.0
75%,0.0995199978351593,76.0,97.5,99.0
max,5.145430088043213,210.0,183.0,100.0
