,ECG,HR,MAP,SPO2
count,14765.0,14765.0,14765.0,14765.0
mean,-0.02193822114858643,78.62770064341348,77.69901794784964,99.40548594649509
std,0.38792079027669707,9.673744804428349,14.450108950821477,2.9323410337792595
min,-4.9562602043151855,58.0,41.0,81.0
25%,-0.088096797466278,73.0,68.0,100.0
50%,-0.0288494005799293,77.0,74.0,100.0
75%,0.0501471012830734,81.0,86.0,100.0
max,5.145430088043213,174.0,194.0,100.0
