,ECG,HR,MAP,SPO2
count,19367.0,19367.0,19367.0,19367.0
mean,-0.013083354243612517,62.90282439200702,79.70929932359168,99.27539112924046
std,0.23812764675491324,9.140395184450218,21.193914289623685,2.1115872354797403
min,-4.768640041351318,42.0,40.0,75.0
25%,-0.1078459993004798,56.0,68.0,99.0
50%,-0.0485985986888408,63.0,78.0,100.0
75%,0.0402726009488105,69.5,87.0,100.0
max,5.145430088043213,89.0,199.0,100.0
