,ECG,HR,MAP,SPO2
count,10589.0,10589.0,10589.0,10589.0
mean,0.09631956088008845,81.71031258853527,87.00656341486449,99.77519123618849
std,0.19630886538042097,9.506517618101041,18.172611008603017,1.1861773443584398
min,-2.556740045547486,61.0,42.0,79.0
25%,0.0106488997116684,75.0,79.0,100.0
50%,0.0501471012830734,81.0,87.5,100.0
75%,0.1390179991722107,86.0,96.0,100.0
max,5.145430088043213,219.0,199.0,100.0
