,ECG,HR,MAP,SPO2
count,12794.0,12794.0,12794.0,12794.0
mean,0.07648603049464694,54.3198374237924,91.31800062529311,99.10946537439425
std,0.31009472771747365,16.05596837040468,18.870769526299878,3.425295068862808
min,-4.9562602043151855,41.0,46.0,82.0
25%,-0.0189747996628284,47.0,79.5,100.0
50%,0.0205233991146087,49.0,88.0,100.0
75%,0.0995199978351593,53.0,100.0,100.0
max,5.145430088043213,115.0,200.0,100.0
