,ECG,HR,MAP,SPO2
count,7664.0,7664.0,7664.0,7664.0
mean,-0.01665179426429578,63.009981732776616,88.23088465553236,99.63243736951983
std,0.3175723738702091,11.85276538758828,12.72273416759639,1.3478176554933268
min,-4.9562602043151855,45.0,52.0,78.0
25%,-0.0782222971320152,58.5,78.0,100.0
50%,-0.0584730990231037,64.0,88.0,100.0
75%,0.0106488997116684,67.0,96.0,100.0
max,5.145430088043213,198.0,155.0,100.0
