,ECG,HR,MAP,SPO2
count,15754.0,15754.0,15754.0,15754.0
mean,-0.00454783505471037,69.76786847784689,87.19725149168465,98.52818331852228
std,0.35220559553525826,7.460051153829164,20.26332396035846,6.377120162950604
min,-4.9562602043151855,51.0,40.0,53.0
25%,-0.0683476999402046,65.0,76.5,100.0
50%,-0.0584730990231037,70.0,87.5,100.0
75%,0.00077429699013,73.0,96.0,100.0
max,5.145430088043213,117.0,198.0,100.0
