,ECG,HR,MAP,SPO2
count,10737.0,10737.0,10737.0,10737.0
mean,-0.033844209526914595,75.6435223991804,78.35535997019652,98.43210393964794
std,0.20977535306697473,12.950804801472971,12.83651166673029,4.434554809950897
min,-4.739019870758057,50.0,47.0,75.0
25%,-0.1078459993004798,66.0,72.0,99.0
50%,-0.0683476999402046,73.0,76.0,100.0
75%,-0.0091002704575657,82.5,83.0,100.0
max,5.145430088043213,118.0,168.0,100.0
