,ECG,HR,MAP,SPO2
count,35566.0,35566.0,35566.0,35566.0
mean,0.02241917516600658,71.33198841590283,86.56047910926165,99.6651155598043
std,0.21235769827603934,9.578180603229324,15.160478116549054,2.1172531458220063
min,-4.9562602043151855,23.0,41.0,65.0
25%,-0.0288494005799293,66.0,80.5,100.0
50%,0.0106488997116684,69.0,88.0,100.0
75%,0.0797709003090858,75.0,95.0,100.0
max,5.145430088043213,154.0,200.0,100.0
