,ECG,HR,MAP,SPO2
count,12268.0,12268.0,12268.0,12268.0
mean,0.05232885256756572,87.74498695793936,70.25,98.91958754483208
std,0.23784891222513632,6.909091149193897,12.800215317673548,4.053006000830895
min,-4.9562602043151855,61.0,40.0,73.0
25%,0.0106488997116684,84.0,65.5,99.0
50%,0.0303980000317096,86.0,70.0,100.0
75%,0.0698963031172752,90.0,73.5,100.0
max,5.145430088043213,154.0,177.0,100.0
