,ECG,HR,MAP,SPO2
count,21731.0,21731.0,21731.0,21731.0
mean,0.10309023860011199,94.78979338272514,78.03212001288482,99.57631954350927
std,0.26435871313410186,9.319977346247885,24.41430591867937,1.0147669206725407
min,-4.9562602043151855,68.0,41.0,95.0
25%,0.00077429699013,92.0,65.0,100.0
50%,0.0501471012830734,98.0,73.0,100.0
75%,0.1291439980268478,101.0,82.0,100.0
max,5.145430088043213,123.0,200.0,100.0
