,ECG,HR,MAP,SPO2
count,18146.0,18146.0,18146.0,18146.0
mean,0.009866891234214628,71.99853962305743,72.50804585032515,99.177477129946
std,0.211777678741315,10.831388025532128,14.249437239373451,2.6996747699471237
min,-4.9562602043151855,53.0,41.0,80.0
25%,-0.0584730990231037,65.0,66.0,99.0
50%,-0.0288494005799293,71.0,70.0,100.0
75%,0.0402726009488105,75.0,76.5,100.0
max,5.145430088043213,154.0,197.0,100.0
