,ECG,HR,MAP,SPO2
count,20453.0,20453.0,20453.0,20453.0
mean,0.011195391892627056,64.14804674130934,92.15780081161688,99.4555077494744
std,0.2630589634283103,8.35477055648543,18.377049449093168,3.0589768793567793
min,-4.9562602043151855,52.0,40.0,59.0
25%,-0.0584730990231037,59.5,84.0,100.0
50%,-0.0189747996628284,62.0,93.0,100.0
75%,0.0501471012830734,65.0,102.0,100.0
max,5.145430088043213,113.0,200.0,100.0
