,ECG,HR,MAP,SPO2
count,26474.0,26474.0,26474.0,26474.0
mean,0.08135682835247667,86.774250207751,71.72775175644028,99.2454861373423
std,0.32423468864984517,8.710581489458233,12.110284130765947,3.175867466413963
min,-4.9562602043151855,63.0,42.0,66.0
25%,0.0106488997116684,82.0,65.0,100.0
50%,0.0501471012830734,85.0,72.0,100.0
75%,0.1390179991722107,88.0,77.0,100.0
max,5.145430088043213,192.0,200.0,100.0
