Metric,Mean,CI_lower,CI_upper
ROC-AUC,0.7620384852361287,0.5966282378998466,0.903890858550551
F1,0.1803906905815399,0.09227272727272728,0.27941176470588236
Recall,0.7495020875135343,0.5217391304347826,0.9444444444444444
Precision,0.10327716410898875,0.05040966386554622,0.16806908604149626
