Model,CV AUC,CV AUC Std,CV Recall,Test ROC-AUC,Test PR-AUC,Test Recall,Test Precision,Test F1,Threshold,TP,FP,FN,rank_score
Logistic Regression,0.5322,0.0716,0.2756,0.5536,0.1801,0.3125,0.0962,0.1471,0.5,5,47,11,0.40893999999999997
Random Forest,0.7777,0.1193,0.3692,0.7449,0.2954,0.5,0.2051,0.2909,0.33,8,31,8,0.59796
XGBoost,0.7537,0.0756,0.3372,0.7834,0.3208,0.5,0.2051,0.2909,0.11,8,31,8,0.61336
