,ECG,HR,MAP,SPO2
count,27274.0,27274.0,27274.0,27274.0
mean,0.0643920366876386,54.02172398621398,85.71350003666495,99.7853083522769
std,0.2239418203002304,8.73753366122754,17.041863375452746,1.0479152212332965
min,-4.521780014038086,36.0,40.0,89.0
25%,-0.0189747996628284,49.0,74.0,100.0
50%,0.0205233991146087,51.0,84.0,100.0
75%,0.0797709003090858,55.0,96.0,100.0
max,5.145430088043213,124.0,200.0,100.0
