,ECG,HR,MAP,SPO2
count,20969.0,20969.0,20969.0,20969.0
mean,0.046743392212133576,78.9791835566789,72.4716963136058,99.74064094615862
std,0.2586138052055413,10.464938380708347,12.929985554977796,0.6691877014580428
min,-4.9562602043151855,60.0,40.0,81.0
25%,-0.0387240014970302,72.0,67.0,100.0
50%,0.0205233991146087,76.0,70.5,100.0
75%,0.1093949973583221,84.0,76.0,100.0
max,5.145430088043213,149.0,196.0,100.0
