,ECG,HR,MAP,SPO2
count,20368.0,20368.0,20368.0,20368.0
mean,-0.030672780910760776,73.2756775333857,74.29983307148468,98.17345836606441
std,0.2346422436481471,8.927870023094448,10.175884039548043,2.904752410623445
min,-4.9562602043151855,49.0,41.0,73.0
25%,-0.0683476999402046,68.0,68.5,98.0
50%,-0.0387240014970302,72.0,72.0,99.0
75%,-0.0091002704575657,79.0,78.0,100.0
max,5.145430088043213,178.0,181.0,100.0
