,ECG,HR,MAP,SPO2
count,20178.0,20178.0,20178.0,20178.0
mean,0.007409704494645114,87.8403707007632,84.61316780652196,99.68976112597879
std,0.412748844878356,13.58673068493278,17.389492362630243,0.6047886286687063
min,-4.9562602043151855,55.0,40.0,96.0
25%,-0.0683476999402046,79.5,73.5,100.0
50%,0.0205233991146087,89.0,84.5,100.0
75%,0.0797709003090858,96.0,96.5,100.0
max,5.145430088043213,148.0,200.0,100.0
