,ECG,HR,MAP,SPO2
count,8653.0,8653.0,8653.0,8653.0
mean,0.00497723598186482,61.453657690974225,73.1872183057899,98.61880272737778
std,0.2650536679270935,4.628712436313804,11.69168158216227,3.6047014352916085
min,-4.9562602043151855,49.0,43.0,82.0
25%,-0.0683476999402046,59.0,67.0,99.0
50%,-0.0288494005799293,61.0,73.0,100.0
75%,0.0303980000317096,63.0,77.0,100.0
max,5.145430088043213,108.0,150.0,100.0
