,ECG,HR,MAP,SPO2
count,7673.0,7673.0,7673.0,7673.0
mean,-0.008741225628467507,84.03095269125505,92.06633650462662,98.44141795907728
std,0.27856603386779405,10.008865326919283,21.025664082449243,5.389519589320708
min,-4.9562602043151855,62.0,60.0,66.0
25%,-0.0782222971320152,78.0,78.5,100.0
50%,-0.0485985986888408,83.0,86.0,100.0
75%,0.00077429699013,88.0,100.0,100.0
max,5.145430088043213,123.0,190.0,100.0
