,ECG,HR,MAP,SPO2
count,17712.0,17712.0,17712.0,17712.0
mean,0.05930309643357522,64.90811314363144,85.1273995031617,99.02955623306234
std,0.1800439604671926,4.798411987699135,10.599792545088063,3.544594499240175
min,-4.926640033721924,52.0,41.0,56.0
25%,-0.0091002704575657,62.0,79.0,99.0
50%,0.0205233991146087,64.0,84.0,100.0
75%,0.0698963031172752,66.0,92.0,100.0
max,5.145430088043213,98.0,160.0,100.0
