,ECG,HR,MAP,SPO2
count,5748.0,5748.0,5748.0,5748.0
mean,0.0759313256175718,57.119084899095334,112.4348469032707,98.09716423103688
std,0.2699217584011298,8.70455801779164,12.292160585474198,6.010928907581418
min,-3.010970115661621,38.0,71.0,62.0
25%,0.0106488997116684,51.0,102.5,100.0
50%,0.0303980000317096,56.0,111.5,100.0
75%,0.0501471012830734,61.0,120.0,100.0
max,5.145430088043213,98.0,199.0,100.0
